角色	作品	首次登场年	地区	画风	头身	眼睛	主形状	主色	识别点	孩子为什么喜欢	能借什么	纸偶可复刻	依据
熊大	熊出没	2012	中国	3D CG	Q版	圆眼白	圆	棕	浅色肚皮、大块头	护林大哥，靠谱又憨	兄弟搭档：一个聪明一个憨，天然出笑点	中	S1
熊二	熊出没	2012	中国	3D CG	Q版	圆眼白	圆	棕	圆脸、东北腔「俺」	憨、贪吃、口头禅好学	方言口头禅让孩子模仿	中	S1
光头强	熊出没	2012	中国	3D CG	卡通	圆眼白	三角	橙黄	光头、电锯	反派但不坏，总倒霉	「倒霉的对手」比坏人更适合儿童	中	S1
喜羊羊	喜羊羊与灰太狼	2005	中国	2D扁平	Q版	动漫大眼	圆	白	脖子上的铃铛	聪明的小孩赢过大人	一个小标志物（铃铛）撑起辨识度	高	S2
灰太狼	喜羊羊与灰太狼	2005	中国	2D扁平	Q版	动漫大眼	三角	灰	补丁帽、「我一定会回来的」	屡败屡战，怕老婆	反派给一句经典台词，每集重复	高	S2
猪猪侠	猪猪侠	2005	中国	3D CG	Q版	圆眼白	圆	粉红	披风、猪鼻	平凡小猪变英雄	日常角色 + 英雄身份的变身	中	S1
奶龙	奶龙	2020	中国	2D扁平	团子	豆豆眼	圆	黄	大肚子、「duang」	无厘头、表情包化	短视频原生：一个形状 + 一种颜色 + 海量表情	高	S1,S7
哪吒	哪吒之魔童降世 / 魔童闹海	2019	中国	3D CG	Q版	其他	三角	红	烟熏眼、丸子头、混天绫	叛逆熊孩子逆天改命	传统形象反着设计（丑萌、黑眼圈）	中	S3
敖丙	哪吒之魔童降世 / 魔童闹海	2019	中国	3D CG	卡通	迪士尼大眼	三角	蓝白	龙角、冰蓝	温柔的对手变朋友	红蓝撞色：两主角一眼分开	中	S3
太乙真人	哪吒之魔童降世 / 魔童闹海	2019	中国	3D CG	Q版	豆豆眼	圆	白粉	胖、四川话、骑猪	神仙不正经	方言给古人加喜感（别变成嘲笑地方）	中	S3
朵朵	萌鸡小队	2018	中国	3D CG	团子	圆眼白	圆	黄	小鸡、头顶绒毛	学前孩子的日常情绪	日常小事就是孩子的大事	中	K
奇奇	宝宝巴士	2013	中国	2D扁平	Q版	豆豆眼	圆	黑白	熊猫、背带裤	儿歌 + 安全教育	固定模板高频量产	高	K
胡图图	大耳朵图图	2004	中国	2D扁平	Q版	圆眼白	圆	黄	大耳朵	爱闯祸、说实话	夸大身体一个部位做记忆点	高	K
大头儿子	新大头儿子和小头爸爸	2013	中国	2D扁平	Q版	圆眼白	圆	红	超大头	亲子日常	名字就是外形特征，一说就记住	高	K
白糖	京剧猫	2017	中国	2D手绘	Q版	动漫大眼	圆	白	京剧脸谱元素	热血 + 国粹	传统元素（脸谱）做成角色的「皮肤」	中	K
小猪妖	中国奇谭·小妖怪的夏天	2023	中国	2D手绘	Q版	豆豆眼	圆	灰褐	国画笔触、打工小妖	小人物的认真	国画线条 + 极简豆眼：古风也能可爱	高	K
李白	长安三万里	2023	中国	3D CG	修长	其他	三角	白	白衣、酒壶	诗词变成画面	历史人物用一个动作立人设（醉、吟诗）	低	K
冰公主	精灵梦叶罗丽	2013	中国	3D CG	修长	动漫大眼	三角	蓝	冰晶、长发	女孩向变身与服装	收集型群像（一群仙子）	低	K
蛋仔	蛋仔派对	2022	中国	3D CG	团子	豆豆眼	圆	多色	蛋形身体、换皮肤	可装扮、可社交	一个基础形 + 无限换装（周边友好）	高	S7
罗小黑	罗小黑战记	2011	中国	2D扁平	Q版	动漫大眼	圆	黑	黑猫、绿眼	萌 + 奇幻	极简黑色块 + 一对亮眼睛	高	K
皮卡丘	宝可梦	1996	日本	2D手绘	团子	豆豆眼	圆	黄	闪电尾、红脸颊	叫声就是名字，可收集	名字即叫声；收集机制	高	S5
哆啦A梦	哆啦A梦	1969	日本	2D扁平	Q版	圆眼白	圆	蓝	口袋、铃铛	每集一个新道具	每集一个「道具」→ 我们每集一个「计谋」	高	S6
野原新之助	蜡笔小新	1990	日本	2D扁平	Q版	豆豆眼	圆	红	粗眉、屁屁舞	调皮，说大人不敢说的话	粗眉毛是最便宜的表情工具	高	S5
面包超人	面包超人	1973	日本	2D扁平	Q版	豆豆眼	圆	棕红	面包脸、能把脸分给饿的人	帮助别人	美德用身体演出来（把脸分出去）	高	K
灶门炭治郎	鬼灭之刃	2016	日本	2D手绘	修长	动漫大眼	方	绿黑	市松格纹羽织、花札耳饰	温柔又坚强的哥哥	服装纹样就是角色名片	中	K
灶门祢豆子	鬼灭之刃	2016	日本	2D手绘	修长	动漫大眼	圆	粉	竹筒口枷	被保护也会保护人	一个道具顶一千句台词	中	K
阿尼亚	间谍过家家	2019	日本	2D手绘	卡通	动漫大眼	圆	粉	粉发、角形发饰、「哇库哇库」	会读心的小孩，表情夸张	一个招牌坏笑脸 = 表情包	中	K
白熊	角落生物	2012	日本	2D扁平	团子	豆豆眼	圆	白	怕冷、躲角落	内向也可以	弱小感让孩子共情	高	K
库洛米	三丽鸥	2005	日本	2D扁平	团子	豆豆眼	三角	黑	骷髅头巾	坏一点点的可爱	「小坏」反差萌	高	S5
玉桂狗	三丽鸥	2001	日本	2D扁平	团子	豆豆眼	圆	白	大耳朵、卷尾	柔软治愈	单一柔和色 + 超大耳朵	高	S5
吉伊卡哇	吉伊卡哇	2020	日本	2D扁平	团子	豆豆眼	圆	白	哭脸	弱小却努力	简笔到极致，情绪全靠眉毛和嘴	高	S7
马力欧	超级马力欧兄弟大电影	1981	日本	3D CG	Q版	迪士尼大眼	圆	红	M 字帽、胡子	跳、顶、吃金币	横版闯关的祖宗：跳跃手感和金币反馈	中	S3
索尼克	刺猬索尼克（电影）	1991	日本	3D CG	Q版	迪士尼大眼	三角	蓝	刺头、红鞋	快	速度线、残影表现「快」	中	K
卡比	星之卡比	1992	日本	3D CG	团子	豆豆眼	圆	粉	吸入变身	吃什么变什么	「吃掉 = 获得能力」的变身机制	高	K
巧虎	巧虎（しまじろう）	1988	日本	2D扁平	Q版	豆豆眼	圆	黄	老虎条纹	刷牙、上厕所等好习惯	一集一个好习惯的教育框架	高	K
江户川柯南	名侦探柯南	1994	日本	2D手绘	卡通	动漫大眼	方	蓝	眼镜、红领结	每集一个谜	孩子跟着一起猜	中	K
奥特曼	奥特曼系列（真人特摄为主）	1966	日本	真人+CG	修长	其他	方	红银	发光眼、胸口计时灯	变身打怪、卡牌收集	「能量快用完」的计时灯 = 天然倒计时悬念	低	K
啵乐乐	啵乐乐（Pororo）	2003	韩国	3D CG	Q版	圆眼白	圆	蓝	飞行员帽 + 眼镜	想飞的小企鹅	帽子 + 眼镜两件套，远看就认得	中	S5
碰碰狐	Pinkfong 儿歌	2010	韩国	2D扁平	Q版	豆豆眼	圆	粉	粉狐	儿歌陪唱	YouTube 儿歌矩阵	高	K
鲨鱼宝宝	Baby Shark	2016	韩国	2D扁平	非人形	豆豆眼	圆	黄	鲨鱼一家、手势舞	旋律重复，手势能跟着做	观众能跟着做的动作 = 传播力	高	S9
太友	小巴士太友（Tayo）	2010	韩国	3D CG	非人形	圆眼白	方	蓝	挡风玻璃上的大眼睛	身边的车会说话	日常物件拟人，眼睛放在最自然的位置	中	S5
乐迪	超级飞侠	2014	韩国/中国	3D CG	非人形	圆眼白	三角	红	飞机变机器人	每集送包裹去一个国家	每集一个新地点 = 世界知识	中	S2
珀利	变形警车珀利	2011	韩国	3D CG	非人形	圆眼白	方	蓝白	警车	交通安全	安全教育包装成救援	中	K
哈啾平	捕捉！Teenieping	2020	韩国	2D手绘	Q版	动漫大眼	圆	粉	心形触角	收集上百只精灵	捕捉 + 收集，每只代表一种情绪	中	S5
卡宝	Hello Carbot	2014	韩国	3D CG	非人形	其他	方	多色	汽车变形	变形玩具	动画就是玩具的变形说明书	低	S5
迷你特工队	Miniforce	2014	韩国	3D CG	Q版	动漫大眼	圆	多色	小动物英雄小队	团队 + 变身	颜色编码的小队	中	K
佩奇	小猪佩奇	2004	英国	2D扁平	Q版	圆眼白	圆	粉	侧脸像吹风机，两只眼睛画在同一侧	家庭日常、跳泥坑	永远侧面也能读懂：两只眼画在同一侧	高	S1
乔治	小猪佩奇	2004	英国	2D扁平	Q版	圆眼白	圆	蓝	恐龙玩具	小弟弟的委屈	一个口头禅 + 一个随身玩具	高	S1
布鲁伊	布鲁伊（Bluey）	2018	澳大利亚	2D扁平	Q版	豆豆眼	圆	蓝	蓝色斑纹	游戏化的日常，爸妈陪玩	色块斑纹区分角色（花纹即身份）	高	K
宾果	布鲁伊（Bluey）	2018	澳大利亚	2D扁平	Q版	豆豆眼	圆	橙	橙色小妹	小的那个也有主场	撞色姐妹：蓝 vs 橙	高	K
阿奇	汪汪队立大功	2013	加拿大	3D CG	Q版	迪士尼大眼	圆	蓝	警犬帽、背包	每只狗一个职业	职业 + 颜色 + 口号 = 可收集的小队	中	S4
海绵宝宝	海绵宝宝	1999	美国	2D扁平	Q版	圆眼白	方	黄	方形身体、领带	乐观到离谱	方形主角：反常识的形状最好记	高	S4
瓢虫雷迪	奇迹少女	2015	法国	3D CG	修长	动漫大眼	圆	红黑	红底黑点	普通女孩的秘密英雄身份	双重身份：学校日常 + 英雄	低	S4
玛莎	玛莎和熊	2009	俄罗斯	3D CG	Q版	迪士尼大眼	圆	粉紫	头巾	熊孩子 vs 好脾气大熊	小的闹、大的收拾：体型反差	中	S4
巴克队长	海底小纵队	2010	英国	2D扁平	Q版	豆豆眼	圆	白	北极熊、船长帽	每集一种真实海洋生物	结尾固定一段「生物报告」歌	高	K
小羊肖恩	小羊肖恩	2007	英国	定格	Q版	圆眼白	圆	白黑	黑脸白毛	不说话的纯动作喜剧	无台词喜剧全球通用，适合出海	中	K
盖比	盖比的娃娃屋	2021	美国	真人+CG	修长	其他	圆	粉紫	猫耳发箍	手工 + 娃娃屋	真人 + 手工动画混搭，每集一个手工	低	K
潘迪爪爪	盖比的娃娃屋	2021	美国	3D CG	Q版	豆豆眼	圆	灰	毛绒熊猫猫	玩偶活了	让角色看起来能买回家	中	K
丹尼尔	小老虎丹尼尔	2012	美国	2D扁平	Q版	豆豆眼	圆	橙	红毛衣	情绪管理小歌	把一句情绪策略写成短歌反复唱	高	K
JJ	Cocomelon	2006	美国	3D CG	Q版	迪士尼大眼	圆	肤色	头顶一根头发	儿歌、快节奏	反面：过度刺激招家长反感	低	K
数字积木	Numberblocks	2017	英国	3D CG	非人形	豆豆眼	方	按数字分色	身体 = 积木个数	数学看得见	概念本身就是角色	中	K
达奇	嘿，达奇（Hey Duggee）	2014	英国	2D扁平	Q版	豆豆眼	圆	棕	大狗 + 徽章	每集赢一枚徽章	集徽章结构：和我们的解锁徽章一致	高	K
汤姆和杰瑞	猫和老鼠	1940	美国	2D手绘	卡通	圆眼白	三角	灰蓝	大猫追小鼠	无台词追逐，小个子用机智赢	夸张的挤压拉伸（纸偶难做，改用换形）	中	K
猫小子	睡衣小英雄	2015	英国/法国	3D CG	Q版	动漫大眼	圆	蓝	猫耳面罩	白天上学，晚上当英雄	双重身份 + 颜色三人组	中	K
紫悦	小马宝莉	2010	美国	2D扁平	非人形	动漫大眼	圆	紫	独角、可爱标志	友谊魔法	身上的「可爱标志」= 个人标签	高	S4
米奇	米老鼠	1928	美国	2D扁平	Q版	豆豆眼	圆	黑红	两个圆耳朵	百年经典	三个圆拼成的剪影：剪影测试的教科书	高	K
蜘蛛宝宝	蜘蛛侠和他的神奇朋友	2021	美国	3D CG	Q版	其他	圆	红蓝	蜘蛛面罩	超级英雄学前版	成人 IP 缩成 Q 版给低龄	中	K
小P优优	小P优优（Pocoyo）	2005	西班牙	3D CG	Q版	豆豆眼	圆	蓝	蓝帽子	纯白背景，旁白和观众互动	背景极简 + 旁白对观众提问	高	K
小比姆	Chhota Bheem	2008	印度	2D扁平	卡通	动漫大眼	圆	橙	吃拉杜球变强	本土神话英雄	本土文化英雄 + 一个「能量食物」	高	K
乌平和乌班	Upin & Ipin	2007	马来西亚	3D CG	Q版	豆豆眼	圆	黄蓝	双胞胎光头	本地校园日常	本地生活细节打动本地孩子	中	K
Lucas	Lucas the Spider	2017	美国	3D CG	非人形	迪士尼大眼	圆	黑	大眼蜘蛛 + 小孩声音	反差萌	可怕外形 + 奶声	低	S8
马桶人	Skibidi Toilet	2023	格鲁吉亚	3D CG	非人形	其他	方	白	马桶里的人头	荒诞的几十秒连续剧	现象级短视频连续剧；内容争议大，只学结构	低	K
狗兵	神探狗兵（Dog Man）	2016	美国	3D CG	卡通	豆豆眼	方	白蓝	狗头人身警察	像小孩自己画的	故意做出儿童手绘感（歪线条）	中	K
大灰狼	坏蛋联盟	2022	美国	3D绘画感	卡通	迪士尼大眼	三角	灰	西装、痞笑	坏人洗白的喜剧	3D 做出 2D 插画的线和阴影	低	K
艾莎	冰雪奇缘	2013	美国	3D CG	修长	迪士尼大眼	三角	冰蓝	冰雪魔法、辫子	一首歌 + 魔法	一首歌 + 一个招牌动作	低	K
雪宝	冰雪奇缘	2013	美国	3D CG	Q版	豆豆眼	圆	白	胡萝卜鼻、树枝手	天真笑料	零件化身体（能掉能装）：纸偶天然适合	高	K
莫阿娜	海洋奇缘	2016	美国	3D CG	修长	迪士尼大眼	圆	红棕	项链、船桨	寻根冒险	文化元素做成服装纹样	低	S3
米拉贝尔	魔法满屋	2021	美国	3D CG	修长	迪士尼大眼	圆	多彩刺绣	眼镜、刺绣裙	家里唯一没魔法的人	「唯一没本领的人」最能共情	低	K
朱迪	疯狂动物城	2016	美国	3D CG	卡通	迪士尼大眼	三角	灰紫	长耳朵、警服	小个子要当警察	体型反差 + 职业梦想	低	S3
尼克	疯狂动物城	2016	美国	3D CG	修长	迪士尼大眼	三角	橙	狐狸、痞笑、领带	嘴硬心软的搭档	「不靠谱的搭档」反差	低	S3
乐乐	头脑特工队	2015	美国	3D CG	修长	迪士尼大眼	圆	黄	发光身体	情绪拟人	抽象概念拟人（信用也能做成角色）	低	S3
焦焦	头脑特工队2	2024	美国	3D CG	卡通	迪士尼大眼	三角	橙	炸毛、大眼	焦虑被看见	每种情绪一个颜色 + 一个形状	低	S3
胡迪	玩具总动员	1995	美国	3D CG	修长	迪士尼大眼	方	棕黄	牛仔帽	玩具活了	「玩具」设定让周边天然成立	低	S3
米格	寻梦环游记	2017	美国	3D CG	卡通	迪士尼大眼	圆	红	吉他	家族与记忆	民俗节日视觉化（亡灵节）	低	K
卢卡	夏日友晴天	2021	美国	3D CG	卡通	迪士尼大眼	圆	绿蓝	海怪↔人类	秘密身份与友情	扁平化 3D：形状简单，像绘本	中	K
美美	青春变形记	2022	美国	3D CG	卡通	动漫大眼	圆	红	一激动就变小熊猫	情绪能看见	情绪 = 看得见的变身	中	K
恩柏	疯狂元素城	2023	美国	3D CG	修长	迪士尼大眼	三角	橙红	火焰身体	火随情绪变	材质即情绪（火苗大小 = 生气程度）	低	K
小黄人	神偷奶爸 / 小黄人	2010	美国	3D CG	非人形	圆眼白	圆	黄	护目镜、背带裤	听不懂的语言也好笑	无意义语言 = 全球通用笑点	中	K
萝兹	荒野机器人	2024	美国	3D绘画感	修长	其他	圆	灰绿	圆头机器人	机器学会当妈妈	3D 做出油画笔触：「手工感」是新潮流	低	K
穿靴子的猫	穿靴子的猫2	2022	美国	3D绘画感	Q版	迪士尼大眼	三角	橙	帽子、剑、「大眼杀」	大英雄小身体	动作戏降帧（像 2D 一样一拍二）	低	K
阿宝	功夫熊猫	2008	美国	3D CG	Q版	其他	圆	黑白	胖熊猫、功夫	笨拙的英雄	中国元素的外国表达：胖熊猫练功夫的反差	中	K
无牙仔	驯龙高手	2010	美国	3D CG	非人形	迪士尼大眼	三角	黑	绿眼、断尾翼	像猫一样的龙	用家猫的动作演龙	低	K
迈尔斯	蜘蛛侠：平行宇宙	2018	美国	3D绘画感	修长	其他	三角	红黑	涂鸦、网点	漫画动起来	网点、描边、一拍二：3D 伪装成漫画	低	K
大白	超能陆战队	2014	美国	3D CG	团子	其他	圆	白	两个点一条线的脸	温柔的护理机器人	最简的脸（两点一线）也能演感情	高	K
鲁米	KPop 猎魔女团	2025	美国/韩国	3D CG	修长	动漫大眼	三角	紫	辫子、纹身	女团 + 打怪	动漫式夸张表情放进 3D	低	K
德比虎	KPop 猎魔女团	2025	美国/韩国	3D CG	非人形	其他	圆	蓝	韩国民画老虎、傻笑	萌蠢	传统民间画（民画虎）改成萌宠：可直接借	高	K
胖红	愤怒的小鸟	2009	芬兰	3D CG	团子	圆眼白	圆	红	粗眉	爱生气	粗眉毛 = 情绪	高	K
史迪奇	星际宝贝（2025 真人版）	2002	美国	真人+CG	Q版	迪士尼大眼	三角	蓝	大耳朵、大嘴	破坏王被一家人接纳	「坏小孩被接纳」的情感线	中	S3
波比	魔发精灵	2016	美国	3D CG	Q版	迪士尼大眼	圆	粉	大头发、毛毡质感	音乐 + 手工质感	毛毡/植绒材质的「手工」观感	中	K
史蒂夫	我的世界	2009	瑞典	真人+CG	卡通	其他	方	青蓝	方块人	自己搭世界	方块风：造型就是玩法	中	K
